"pdb","conformation","feature","x","y","z"
1C4V,0,H1,20.843,-15.2005,25.3773
1C4V,0,H2,18.8752,-13.6715,20.5892
1C4V,0,H3,12.7282,-11.6792,21.741
1C4V,0,H4,17.7388,-18.4445,27.0457
1C4V,0,H5,17.739,-16.7215,24.222
1C4V,0,H6,20.554,-12.778,18.604
1C4V,0,P1,10.41,-11.8565,24.2975
1C4V,1,H1,20.3101,-16.2409,25.3419
1C4V,1,H2,19.1322,-12.5877,19.972
1C4V,1,H3,13.6166,-13.2686,22.3945
1C4V,1,H4,15.6519,-16.0234,26.7703
1C4V,1,H5,17.4866,-14.8046,24.3056
1C4V,1,H6,20.645,-12.5324,17.4491
1C4V,1,P1,11.7154,-14.5565,25.1243
1C4V,2,H1,15.6582,-16.5116,26.5579
1C4V,2,H2,19.0229,-12.8708,19.8169
1C4V,2,H3,13.6973,-13.0889,22.4811
1C4V,2,H4,20.3694,-15.5467,25.6779
1C4V,2,H5,17.4456,-15.2631,24.0875
1C4V,2,H6,20.2377,-13.0617,17.1441
1C4V,2,P1,11.8038,-14.5817,25.1094
1C4V,3,H1,20.5031,-16.0195,23.9269
1C4V,3,H2,18.8999,-12.9004,21.1331
1C4V,3,H3,13.0327,-12.4507,21.755
1C4V,3,H4,17.4782,-17.3671,27.5348
1C4V,3,H5,17.3433,-15.5333,24.7298
1C4V,3,H6,21.2278,-12.9319,19.3365
1C4V,3,P1,10.4221,-13.657,23.8801
1C4V,4,H1,16.8029,-15.2574,27.6405
1C4V,4,H2,19.5108,-13.4245,20.3788
1C4V,4,H3,13.8015,-12.8086,22.525
1C4V,4,H4,17.4369,-16.6993,22.9909
1C4V,4,H5,18.488,-14.2539,24.9357
1C4V,4,H6,19.7542,-14.9027,17.8438
1C4V,4,P1,11.7528,-14.6546,24.8074
1C4V,5,H1,20.2018,-16.5238,25.3619
1C4V,5,H2,19.0955,-12.5962,19.8784
1C4V,5,H3,13.6924,-13.3317,22.4647
1C4V,5,H4,15.5748,-15.4571,26.7725
1C4V,5,H5,17.5761,-14.7448,24.2862
1C4V,5,H6,20.4102,-12.5867,17.2463
1C4V,5,P1,11.9504,-15.0981,25.0813
1C4V,6,H1,16.6312,-16.305,27.2269
1C4V,6,H2,19.4657,-12.8023,20.6987
1C4V,6,H3,13.3375,-13.0492,22.4109
1C4V,6,H4,18.9148,-16.7427,22.909
1C4V,6,H5,18.0224,-14.3016,24.9394
1C4V,6,H6,21.1017,-13.729,18.4318
1C4V,6,P1,11.3401,-12.7226,25.3608
1C4V,7,H1,15.91,-15.9972,26.9911
1C4V,7,H2,19.5358,-12.79,20.694
1C4V,7,H3,13.5868,-13.0165,22.3893
1C4V,7,H4,18.7901,-16.9485,23.1267
1C4V,7,H5,17.8736,-14.3078,24.8615
1C4V,7,H6,21.0735,-13.7749,18.3832
1C4V,7,P1,12.0249,-13.3907,25.6117
1C4V,8,H1,20.3525,-17.4143,23.3693
1C4V,8,H2,17.2849,-14.4055,22.1769
1C4V,8,H3,12.1502,-10.8109,20.9776
1C4V,8,H4,22.0221,-17.005,27.9529
1C4V,8,H5,19.5652,-15.7045,26.0765
1C4V,8,H6,16.9784,-15.5782,19.4991
1C4V,8,P1,8.94505,-11.9216,19.8462
1C4V,9,H1,19.8925,-15.0269,27.2882
1C4V,9,H2,18.7629,-13.2466,19.4258
1C4V,9,H3,13.6297,-13.1317,22.566
1C4V,9,H4,15.8011,-16.5244,25.1263
1C4V,9,H5,18.5934,-14.8292,24.2949
1C4V,9,H6,20.0182,-13.5535,16.782
1C4V,9,P1,12.4389,-13.5518,25.9363
1C4V,10,H1,16.7245,-13.7673,26.436
1C4V,10,H2,18.5351,-13.5188,19.5548
1C4V,10,H3,14.219,-12.3943,22.5115
1C4V,10,H4,18.4507,-18.3088,26.1786
1C4V,10,H5,18.1,-15.7897,24.1217
1C4V,10,H6,18.6786,-14.1089,16.6774
1C4V,10,P1,12.4862,-14.3391,24.9931
1C4V,11,H1,21.5033,-15.9429,25.827
1C4V,11,H2,18.9657,-13.1865,20.3612
1C4V,11,H3,12.3907,-12.0189,21.8441
1C4V,11,H4,17.2707,-18.1889,26.8266
1C4V,11,H5,18.427,-16.1198,24.5386
1C4V,11,H6,20.4332,-12.1832,18.0183
1C4V,11,P1,10.0274,-11.2579,24.4173
1TOM,0,H1,21.2667,-14.8849,24.9931
1TOM,0,H2,19.5525,-13.9286,20.8894
1TOM,0,H3,12.7832,-12.2659,21.5865
1TOM,0,P1,10.4754,-12.7687,23.0764
1TOM,0,P2,16.783,-16.8314,23.3519
1TOM,1,H1,21.6189,-15.3367,24.5766
1TOM,1,H2,19.3271,-13.3295,21.4308
1TOM,1,H3,12.7063,-12.5421,21.3288
1TOM,1,P1,10.2715,-12.2688,22.8985
1TOM,1,P2,16.6689,-16.6021,23.5864
1TOM,2,H1,22.2243,-15.2203,23.4852
1TOM,2,H2,18.3681,-13.4228,22.2968
1TOM,2,H3,12.656,-12.1043,20.6613
1TOM,2,P1,11.4114,-10.4507,18.6161
1TOM,2,P2,17.6758,-17.4664,24.6486
1TOM,3,H1,21.5377,-15.3551,24.6309
1TOM,3,H2,19.4753,-13.3603,21.3541
1TOM,3,H3,12.6924,-12.5627,21.4161
1TOM,3,P1,10.3427,-12.3314,23.117
1TOM,3,P2,16.5885,-16.479,23.4594
1TOM,4,H1,21.9683,-15.3748,22.9207
1TOM,4,H2,18.1528,-13.2941,22.1427
1TOM,4,H3,13.0688,-12.4376,20.7029
1TOM,4,P1,11.7154,-12.1287,18.1459
1TOM,4,P2,17.563,-16.7305,25.3379
1TOM,5,H1,21.3541,-15.1473,24.918
1TOM,5,H2,19.5059,-13.8737,20.9424
1TOM,5,H3,12.7625,-12.1543,21.6453
1TOM,5,P1,10.4626,-13.252,23.0522
1TOM,5,P2,16.6261,-16.6604,23.3524
1TOM,6,H1,21.6565,-15.3565,24.4707
1TOM,6,H2,19.2986,-13.8138,21.0293
1TOM,6,H3,12.7923,-12.4624,21.4266
1TOM,6,P1,10.4397,-14.1636,21.6419
1TOM,6,P2,16.4938,-15.9314,24.1661
1TOM,7,H1,22.2976,-15.3168,23.628
1TOM,7,H2,18.5993,-13.4174,22.133
1TOM,7,H3,12.5073,-12.1126,20.7368
1TOM,7,P1,11.0906,-10.4252,18.8362
1TOM,7,P2,17.5926,-17.3391,24.5786
1TOM,8,H1,21.0142,-14.9661,24.9822
1TOM,8,H2,19.4139,-13.8316,20.88
1TOM,8,H3,13.1542,-12.3801,21.7865
1TOM,8,P1,10.9582,-13.1305,23.5412
1TOM,8,P2,16.4234,-16.6183,23.1662
1TOM,9,H1,21.3163,-15.005,24.7073
1TOM,9,H2,19.248,-13.4325,21.2227
1TOM,9,H3,13.0669,-12.6452,21.5175
1TOM,9,P1,10.6566,-12.6363,23.1469
1TOM,9,P2,16.4509,-16.4506,23.5656
1TOM,10,H1,21.6053,-15.4047,24.5118
1TOM,10,H2,19.3425,-13.4141,21.2967
1TOM,10,H3,12.8187,-12.655,21.268
1TOM,10,P1,10.3467,-13.3436,22.6434
1TOM,10,P2,16.4462,-15.9337,24.0698
1TOM,11,H1,21.4333,-15.0815,24.9313
1TOM,11,H2,19.5242,-13.8532,20.9892
1TOM,11,H3,12.6624,-12.2758,21.5085
1TOM,11,P1,10.3297,-12.8317,23.158
1TOM,11,P2,16.7242,-16.7101,23.423
1D4P,0,H1,21.1589,-15.1013,24.7647
1D4P,0,H2,18.7243,-14.1965,20.3818
1D4P,0,H3,12.9148,-11.7571,21.6896
1D4P,0,H4,14.4792,-12.7914,20.5876
1D4P,0,P1,10.3365,-11.7564,24.1149
1D4P,1,H1,21.3871,-15.3801,24.7328
1D4P,1,H2,18.8716,-14.0289,20.4743
1D4P,1,H3,12.5295,-12.0769,21.4231
1D4P,1,H4,14.4211,-12.6693,20.5189
1D4P,1,P1,10.5377,-11.4673,24.2847
1D4P,2,H1,22.7571,-15.7854,23.6838
1D4P,2,H2,18.4212,-14.3949,21.3336
1D4P,2,H3,12.3895,-11.4717,21.2548
1D4P,2,H4,14.4521,-12.0202,20.818
1D4P,2,P1,9.43105,-11.8677,23.1572
1D4P,3,H1,21.3083,-15.6138,24.7041
1D4P,3,H2,18.7438,-14.366,20.4422
1D4P,3,H3,12.5916,-11.903,21.4453
1D4P,3,H4,14.4657,-12.5371,20.5333
1D4P,3,P1,10.5283,-11.507,24.2937
1D4P,4,H1,21.3245,-15.5579,24.71
1D4P,4,H2,18.8817,-14.0013,20.4796
1D4P,4,H3,12.5649,-11.9793,21.4389
1D4P,4,H4,14.4551,-12.5692,20.5304
1D4P,4,P1,10.5548,-11.446,24.3028
1D4P,5,H1,21.3888,-15.4127,24.7296
1D4P,5,H2,18.7342,-14.408,20.458
1D4P,5,H3,12.5486,-12.0102,21.4229
1D4P,5,H4,14.4234,-12.6528,20.5182
1D4P,5,P1,10.5132,-11.5122,24.2755
1D4P,6,H1,22.7435,-15.8457,23.6467
1D4P,6,H2,18.4091,-14.4096,21.3212
1D4P,6,H3,12.4056,-11.428,21.2834
1D4P,6,H4,14.46,-11.9958,20.8326
1D4P,6,P1,9.45805,-11.7933,23.2086
1D4P,7,H1,22.6268,-16.2268,23.5005
1D4P,7,H2,18.6628,-13.6655,21.5037
1D4P,7,H3,12.1452,-12.1445,21.1295
1D4P,7,H4,14.1759,-12.7697,20.6483
1D4P,7,P1,9.738,-11.0223,23.4695
1D4P,8,H1,22.5721,-16.382,23.429
1D4P,8,H2,18.6772,-13.633,21.5468
1D4P,8,H3,12.1795,-12.0358,21.1354
1D4P,8,H4,14.2174,-12.6391,20.6568
1D4P,8,P1,9.72395,-11.0693,23.4942
1D4P,9,H1,21.6304,-15.6181,24.5375
1D4P,9,H2,18.8813,-13.822,20.5986
1D4P,9,H3,12.3793,-12.5488,21.6949
1D4P,9,H4,14.3163,-12.9509,20.7846
1D4P,9,P1,10.2754,-10.5321,23.7038
1D4P,10,H1,21.8325,-15.0429,24.5304
1D4P,10,H2,18.5404,-14.7792,20.608
1D4P,10,H3,12.7087,-11.6291,21.6878
1D4P,10,H4,14.4571,-12.5602,20.7828
1D4P,10,P1,9.81525,-11.8234,23.7171
1D4P,11,H1,21.4442,-15.0032,24.6571
1D4P,11,H2,18.7121,-14.2443,20.3882
1D4P,11,H3,12.9468,-11.7767,21.7447
1D4P,11,H4,14.4783,-12.8337,20.6184
1D4P,11,P1,10.195,-11.7912,23.971
